The Flusher Division,topathepack
The Flusher Division,2 Much 4U
The Flusher Division,Hoosier Daddy
The Flusher Division,belowme
The Flusher Division,ROBOCOP
The Flusher Division,Twisted Sister
The Flusher Division,DeezNutz
The Water Tank Division,GeussWork
The Water Tank Division,Steel Kurt'n
The Water Tank Division,C6
The Water Tank Division,Jar Head
The Water Tank Division,Fr3nzyKid
The Water Tank Division,RedHotChubbyPeckers
The Toilet Paper Division,SmataMen
The Toilet Paper Division,Michael Dow
The Toilet Paper Division,AshStealYoCash
The Toilet Paper Division,NorEaster
The Toilet Paper Division,Speed Racer
The Toilet Paper Division,Big Papa
The Toilet Paper Division,WATTEVER
The Newspaper Division,greasyfingers
The Newspaper Division,Warlock
The Newspaper Division,Adventure Ash
The Newspaper Division,State of Confusion
The Newspaper Division,Rick Zalewski
The Newspaper Division,LuckyPants
